parola_origine;parola_genere_unico
A CALCIO;A CALCIO
A PALLAVOLO;A PALLAVOLO
A SCUOLA;A SCUOLA
ABBINARE I COLORI;ABBINARE I COLORI
ACCOGLIENTE;ACCOGLIENTE
ACCOMPAGNATRICE;ACCOMPAGNATORE
ACCUDIRE I FIGLI;ACCUDIRE I FIGLI
ADDESTRATORE DI CANI;ADDESTRATORE DI CANI
AFFABILE;AFFABILE
AFFACCENDATA;AFFACCENDATA
AGENTE;AGENTE
AGENTE IMMOBILIARE;AGENTE IMMOBILIARE
AGGIUSTARE;AGGIUSTARE
AGGIUSTARE L'IMPIANTO ELETTRICO;AGGIUSTARE L'IMPIANTO ELETTRICO
AGGIUSTATORE;AGGIUSTATORE
AGGIUSTATRICE;AGGIUSTATORE
AGGIUSTATUTTO;AGGIUSTATUTTO
AGRICOLTORE;AGRICOLTORE
AIUTANTE;AIUTANTE
AIUTANTE DOMESTICO;AIUTANTE DOMESTICO
AIUTO;AIUTO
AL COMPUTER;AL COMPUTER
ALLEATA;ALLEATA
ALLENATORE;ALLENATORE
ALLIEVA;ALLIEVO
ALLIEVO;ALLIEVO
ALPHA;ALPHA
ALPINISTA;ALPINISTA
ALTLETA;ALTLETA
ALUNNA;ALUNNO
ALUNNO;ALUNNO
AMANTE;AMANTE
AMICA;AMICO
AMICO;AMICO
AMMAESTRATORE DI COCORITE;AMMAESTRATORE DI COCORITE
AMMINISTRATORE;AMMINISTRATORE
AMMINISTRATRICE;AMMINISTRATORE
AMMINISTRATRICE DI CASA;AMMINISTRATRICE DI CASA
AMMINISTRATRICE DI CONDOMINIO;AMMINISTRATRICE DI CONDOMINIO
ANALISTA;ANALISTA
ANESTESISTA;ANESTESISTA
ANIMALISTA;ANIMALISTA
ANIMATORE;ANIMATORE
APICOLTORE;APICOLTORE
APPROFITTATORE;APPROFITTATORE
ARBITRO;ARBITRO
ARCHEOLOGA;ARCHEOLOGO
ARCHEOLOGO;ARCHEOLOGO
ARCHITETTRICE;ARCHITETTO
ARCHITETTO;ARCHITETTO
ARREDARE CASA;ARREDARE CASA
ARREDATORE;ARREDATORE
ARREDATRICE;ARREDATORE
ARROTINA;ARROTINA
ARTIGIANA;ARTIGIANO
ARTIGIANO;ARTIGIANO
ARTISTA;ARTISTA
ASCOLTARE;ASCOLTARE
ASCOLTATORE;ASCOLTATORE
ASCOLTATRICE;ASCOLTATORE
ASSESSORA;ASSESSORE
ASSESSORE;ASSESSORE
ASSICURATRICE;ASSICURATORE
ASSISTENTE;ASSISTENTE
ASSISTENTE SOCIALE;ASSISTENTE SOCIALE
ASTROFISICA;ASTROFISICA
ASTRONAUTA;ASTRONAUTA
ATLETA;ATLETA
ATTRICE;ATTORE
ATTORE;ATTORE
ATTORE DI PROSA;ATTORE DI PROSA
AUTISTA;AUTISTA
AUTOMOBILISTA;AUTOMOBILISTA
AUTORE;AUTORE
AVVITARE;AVVITARE
AVVOCATO;AVVOCATO
BABBO;BABBO
BABY SITTER;BABY SITTER
BACIATRICE;BACIATORE
BADANTE;BADANTE
BAGNINA;BAGNINO
BAGNINO;BAGNINO
BALLARE;BALLARE
BALLERINA;BALLERINO
BALLERINO;BALLERINO
BAMBINA;BAMBINO
BAMBINO;BAMBINO
BANCARIA;BANCARIO
BANCARIO;BANCARIO
BARBIERE;BARBIERE
BARISTA;BARISTA
BARZELLETTIERE;BARZELLETTIERE
BELLA;BELLO
BELLO;BELLO
BENZINAIA;BENZINAIO
BENZINAIO;BENZINAIO
BIDELLA;BIDELLO
BIDELLO;BIDELLO
BIMBA;BIMBO
BIMBO;BIMBO
BIOLOGA;BIOLOGA
BOCCHINARA;BOCCHINARA
BRAV'UOMO;BRAV'UOMO
BRAVA;BRAVO
BRAVA PERSONA;BRAVA PERSONA
BRAVO;BRAVO
BRICOLEUR;BRICOLEUR
BRICOLEUSE;BRICOLEUSE
BRICOMEN;BRICOMEN
BRUTTO;BRUTTO
BUGIARDA;BUGIARDA
BUONA;BUONA
CACCIATORE;CACCIATORE
CACCIATRICE;CACCIATORE
CAGACAZZI;CAGACAZZI
CALCIATORE;CALCIATORE
CALCIATRICE;CALCIATORE
CALCOLATORE;CALCOLATORE
CAMBIARE LAMPADINE;CAMBIARE LAMPADINE
CAMBIARE LE LAMPADINE;CAMBIARE LE LAMPADINE
CAMERIERA;CAMERIERE
CAMERIERE;CAMERIERE
CAMIONISTA;CAMIONISTA
CANTANTE;CANTANTE
CANTARE;CANTARE
CANTORE;CANTORE
CAPO;CAPO
CAPO OFFICINA;CAPO OFFICINA
CAPO PROGETTO;CAPO PROGETTO
CAPOFAMIGLIA;CAPOFAMIGLIA
CARABINIERE;CARABINIERE
CARDIOLOGA;CARDIOLOGA
CARPENTIERE;CARPENTIERE
CARPENTIERIE;CARPENTIERIE
CASALINGA;CASALINGO
CASALINGO;CASALINGO
CASINISTA;CASINISTA
CASSIERE;CASSIERE
CAVALIERE;CAVALIERE
CESTISTA;CESTISTA
CHE CONTRIBUISCE  ALLA VITA QUOTIDIANA;CHE CONTRIBUISCE  ALLA VITA QUOTIDIANA
CHEF;CHEF
CHIACCHIERONA;CHIACCHIERONE
CHIACCHIERONE;CHIACCHIERONE
CHIRURGO;CHIRURGO
CHITARRISTA;CHITARRISTA
CICCIONE;CICCIONE
CICLISTA;CICLISTA
CITTADINA;CITTADINO
CITTADINO;CITTADINO
CLIENTE;CLIENTE
COGLIONE;COGLIONE
COGNATA;COGNATO
COGNATO;COGNATO
COINQUILINA;COINQUILINO
COINQUILINO;COINQUILINO
COLLABORARE ALLA STESURA DELL'OPERA;COLLABORARE ALLA STESURA DELL'OPERA
COLLABORATRICE;COLLABORATORE
COLLABORATORE;COLLABORATORE
COLLABORATORE IN CASA;COLLABORATORE IN CASA
COLLABORATORE PER LE FACCENDE DI CASA;COLLABORATORE PER LE FACCENDE DI CASA
COLLEGA;COLLEGA
COMICA;COMICO
COMICO;COMICO
COMMERCIALISTA;COMMERCIALISTA
COMMERCIANTE;COMMERCIANTE
COMMESSA;COMMESSO
COMMESSO;COMMESSO
COMMISSARIA;COMMISSARIA
COMMITTENTE;COMMITTENTE
COMPAGNA;COMPAGNO
COMPAGNA DI LAVORO;COMPAGNA DI LAVORO
COMPAGNA DI STUDI;COMPAGNA DI STUDI
COMPAGNA DI VITA;COMPAGNA DI VITA
COMPAGNO;COMPAGNO
COMPAGNO DI VITA;COMPAGNO DI VITA
COMPETENTE;COMPETENTE
COMPLICE;COMPLICE
CON CARLA;CON CARLA
CON GLI AMICI;CON GLI AMICI
CON GLI ANIMALI;CON GLI ANIMALI
CON I BAMBINI;CON I BAMBINI
CON I FIGLI;CON I FIGLI
CON LA FAMIGLIA;CON LA FAMIGLIA
CONDOTTIERO;CONDOTTIERO
CONDUCENTE;CONDUCENTE
CONDUTTORE;CONDUTTORE
CONIUGE;CONIUGE
CONSIGLIERA;CONSIGLIERE
CONSIGLIERE;CONSIGLIERE
CONSORTE;CONSORTE
CONSULENTE;CONSULENTE
CONTABILE;CONTABILE
CONTADINO;CONTADINO
CONTRALTO;CONTRALTO
CONVIVENTE;CONVIVENTE
COORDINATRICE;COORDINATORE
COPILOTA;COPILOTA
CORISTA;CORISTA
CORRERE;CORRERE
CORRIDORE;CORRIDORE
COSTRUTTORE;COSTRUTTORE
CREATURA;CREATURA
CRISTIANA;CRISTIANO
CRISTIANACCIO;CRISTIANACCIO
CRISTIANO;CRISTIANO
CRISTO;CRISTO
CUCINARE;CUCINARE
CUCINARE L'ARROSTO;CUCINARE L'ARROSTO
CUCINIERA;CUCINIERA
CUGINA;CUGINO
CUGINO;CUGINO
CUOCA;CUOCO
CUOCO;CUOCO
DANZATRICE;DANZATORE
DARSI DA FARE;DARSI DA FARE
DATORE DI LAVORO;DATORE DI LAVORO
DATTILOGRAFA;DATTILOGRAFA
DECORATRICE;DECORATORE
DENTISTA;DENTISTA
DESIGNER;DESIGNER
DETECTIVE;DETECTIVE
DETERMINATA;DETERMINATA
DIAVOLO;DIAVOLO
DIETOLOGO;DIETOLOGO
DIPENDENTE;DIPENDENTE
DIPINGERE;DIPINGERE
DIRETTORE;DIRETTORE
DIRETTRICE;DIRETTORE
DIRIGENTE;DIRIGENTE
DISEGNARE;DISEGNARE
DISEGNATORE;DISEGNATORE
DISEGNATRICE;DISEGNATORE
DISOCCUPATO;DISOCCUPATO
DISORDINATO;DISORDINATO
DISPONIBILE;DISPONIBILE
DIVULGATORE;DIVULGATORE
DJ;DJ
DOCENTE;DOCENTE
DOLCE;DOLCE
DOMESTICA;DOMESTICO
DOMESTICO;DOMESTICO
DONNA;DONNA
DONNA DI CASA;DONNA DI CASA
DONNAIOLO;DONNAIOLO
DORMIGLIONE;DORMIGLIONE
DORMIRE;DORMIRE
DOTTORE;DOTTORE
DOTTORESSA;DOTTORE
DRIVER;DRIVER
ECCELLENTE;ECCELLENTE
EDUCATORE;EDUCATORE
EDUCATRICE;EDUCATORE
EFFICIENTE;EFFICIENTE
EGOISTA;EGOISTA
ELEMENTO;ELEMENTO
ELETTRAUTO;ELETTRAUTO
ELETTRICISTA;ELETTRICISTA
ESCORT;ESCORT
ESPERTO;ESPERTO
ESSERE;ESSERE
ESSERE UMANO;ESSERE UMANO
ESSERE VIVENTE;ESSERE VIVENTE
ESTETISTA;ESTETISTA
FABBRO;FABBRO
FACCENDIERE;FACCENDIERE
FACCHINO;FACCHINO
FACTOTUM;FACTOTUM
FAI DA TE;FAI DA TE
FALEGNAME;FALEGNAME
FANCAZZISTA;FANCAZZISTA
FANCIULLA;FANCIULLO
FANCIULLO;FANCIULLO
FANNULLONE;FANNULLONE
FARE COSE ANCHE MASCHILI;FARE COSE ANCHE MASCHILI
FARE DOLCI;FARE DOLCI
FARE I COMPITI;FARE I COMPITI
FARE I CONTI;FARE I CONTI
FARE LA SPESA;FARE LA SPESA
FARE LAVORI PESANTI;FARE LAVORI PESANTI
FARE LE FACCENDE DI CASA;FARE LE FACCENDE DI CASA
FARE LE FACCENDE DOMESTICHE;FARE LE FACCENDE DOMESTICHE
FARE LE PULIZIE;FARE LE PULIZIE
FARE PICCOLE RIPARAZIONI;FARE PICCOLE RIPARAZIONI
FARE PICCOLI LAVORI DOMESTICI;FARE PICCOLI LAVORI DOMESTICI
FARE TUTTO;FARE TUTTO
FARMACISTA;FARMACISTA
FARMI SENTIRE BENE;FARMI SENTIRE BENE
FATTORINO;FATTORINO
FESSO;FESSO
FIDANZATA;FIDANZATO
FIDANZATO;FIDANZATO
FIGA;FIGO
FIGLIA;FIGLIO
FIGLIO;FIGLIO
FIGLIOLA;FIGLIOLO
FIGLIOLO;FIGLIOLO
FIGO;FIGO
FIORAIA;FIORAIO
FIORAIO;FIORAIO
FISIATRA;FISIATRA
FORNAIO;FORNAIO
FOTOGRAFA;FOTOGRAFO
FOTOGRAFO;FOTOGRAFO
FRATELLO;FRATELLO
FREELANCE;FREELANCE
FRUTTIVENDOLA;FRUTTIVENDOLO
FRUTTIVENDOLO;FRUTTIVENDOLO
FUMETTISTA;FUMETTISTA
FUNZIONARIO;FUNZIONARIO
FURBO;FURBO
GELATAIA;GELATAIO
GELATAIO;GELATAIO
GENERO;GENERO
GENEROSA;GENEROSO
GENEROSO;GENEROSO
GENITORE;GENITORE
GENTILUOMO;GENTILUOMO
GENTLEMEN;GENTLEMEN
GEOLOGO;GEOLOGO
GEOMETRA;GEOMETRA
GESTIRE LAVORO E FAMIGLIA;GESTIRE LAVORO E FAMIGLIA
GESTIRE LE SITUAZIONI;GESTIRE LE SITUAZIONI
GIARDINIERA;GIARDINIERE
GIARDINIERE;GIARDINIERE
GINECOLOGA;GINECOLOGO
GINECOLOGO;GINECOLOGO
GIOCARE;GIOCARE
GIOCARE A TENNIS;GIOCARE A TENNIS
GIOCATORE;GIOCATORE
GIOCATRICE;GIOCATORE
GIOCATORE DI TENNIS;GIOCATORE DI TENNIS
GIOCATRICE DI GOLF;GIOCATRICE DI GOLF
GIOCHERELLONA;GIOCHERELLONA
GIOCOLIERE;GIOCOLIERE
GIORNALISTA;GIORNALISTA
GIOVANE;GIOVANE
GIOVANOTTO;GIOVANOTTO
GIOVINE;GIOVINE
GIUDICE;GIUDICE
GOMMISTA;GOMMISTA
GRAFICO;GRAFICO
GRUISTA;GRUISTA
GUADAGNARE;GUADAGNARE
GUAGLIONA;GUAGLIONE
GUAGLIONE;GUAGLIONE
GUASCONE;GUASCONE
GUIDA TURISTICA;GUIDA TURISTICA
GUIDARE;GUIDARE
GUIDATORE;GUIDATORE
GUIDATRICE;GUIDATORE
HANDYMAN;HANDYMAN
IDRAULICA;IDRAULICO
IDRAULICO;IDRAULICO
ILLUSTRATRICE;ILLUSTRATORE
IMBIANCHINO;IMBIANCHINO
IMITATORE;IMITATORE
IMPEGNATA;IMPEGNATA
IMPERATORE;IMPERATORE
IMPIANTISTA;IMPIANTISTA
IMPIEGATA;IMPIEGATO
IMPIEGATO;IMPIEGATO
IMPRENDITORE;IMPRENDITORE
IMPRENDITRICE;IMPRENDITORE
IMPROVVISATORE;IMPROVVISATORE
IN BICILETTA;IN BICILETTA
IN CASA;IN CASA
IN CUCINA;IN CUCINA
IN MATEMATICA;IN MATEMATICA
IN TUTTO;IN TUTTO
INCLASSIFICABILE;INCLASSIFICABILE
INDIVIDUO;INDIVIDUO
INDOLENTE;INDOLENTE
INESISTENTE;INESISTENTE
INETTO;INETTO
INFERMIERA;INFERMIERE
INFERMIERE;INFERMIERE
INFLUENZARE IL PENSIERO DEL GRUPP;INFLUENZARE IL PENSIERO DEL GRUPP
INFORMATICA;INFORMATICO
INFORMATICO;INFORMATICO
INGEGNERE;INGEGNERE
INQUILINA;INQUILINO
INQUILINO;INQUILINO
INSEGNANTE;INSEGNANTE
INSEGNANTE DI YOGA;INSEGNANTE DI YOGA
INSEGNARE;INSEGNARE
INSTALLATORE;INSTALLATORE
INSTALLATRICE;INSTALLATORE
INTELLIGENTE;INTELLIGENTE
INTENDITORE;INTENDITORE
INTERLOCUTORE;INTERLOCUTORE
INTERPRETE;INTERPRETE
INTERPRETE DELLA PARITà DI GENERE;INTERPRETE DELLA PARITà DI GENERE
INTRATTENITORE;INTRATTENITORE
INVENTORE;INVENTORE
ISTRUTTORE;ISTRUTTORE
JUVENTINA;JUVENTINO
JUVENTINO;JUVENTINO
LAMENTARSI;LAMENTARSI
LAVANDAIA;LAVANDAIO
LAVANDAIO;LAVANDAIO
LAVATIVO;LAVATIVO
LAVORARE;LAVORARE
LAVORATORE;LAVORATORE
LAVORATRICE;LAVORATORE
LAVORATORE AUTONOMO;LAVORATORE AUTONOMO
LAVORATORE DOMESTICO;LAVORATORE DOMESTICO
LAVORATRICE AUTONOMA;LAVORATRICE AUTONOMA
LAVORATRICE MADRE;LAVORATRICE MADRE
LAVORATRICE PROFESSIONISTA IN REMOTO;LAVORATRICE PROFESSIONISTA IN REMOTO
LAVORATRICE SMARTWORKING;LAVORATRICE SMARTWORKING
LAVORI DOMESTICI;LAVORI DOMESTICI
LECCACULO;LECCACULO
LEGGERE;LEGGERE
LETTRICE;LETTORE
LETTORE;LETTORE
LEVIGARE;LEVIGARE
LIBERA PROFESSIONISTA;LIBERA PROFESSIONISTA
MACCHINISTA;MACCHINISTA
MACELLAIO;MACELLAIO
MADRE;MADRE
MAESTRA;MAESTRO
MAESTRO;MAESTRO
MAESTRO DI SCI;MAESTRO DI SCI
MAGGIORDOMO;MAGGIORDOMO
MAMMA;MAMMA
MANAGER;MANAGER
MANAGER DELLA CASA;MANAGER DELLA CASA
MANGIARE;MANGIARE
MANGIATORE DI PASTICCINI;MANGIATORE DI PASTICCINI
MANGIONE;MANGIONE
MANOVALE;MANOVALE
MANUTENTORE;MANUTENTORE
MANUTENTRICE;MANUTENTORE
MARINAIO;MARINAIO
MARITO;MARITO
MASSAGGIATRICE;MASSAGGIATORE
MASSAGGIATORE;MASSAGGIATORE
MASSAIA;MASSAIO
MASSAIO;MASSAIO
MATEMATICO;MATEMATICO
MECCANICA;MECCANICO
MECCANICO;MECCANICO
MEDIATRICE;MEDIATORE
MEDICO;MEDICO
MEDICO DI BASE;MEDICO DI BASE
MENEFREGHISTA;MENEFREGHISTA
MERETRICE;MERETORE
MIGNOTTA;MIGNOTTA
MILITARE;MILITARE
MINISTRA;MINISTRA
MOGLIE;MOGLIE
MOGLIETTINA;MOGLIETTINA
MONTARE;MONTARE
MOTOCICLISTA;MOTOCICLISTA
MULTITASKING;MULTITASKING
MURATORE;MURATORE
MUSICISTA;MUSICISTA
NARCISO;NARCISO
NARRATORE;NARRATORE
NAVIGATRICE;NAVIGATORE
NEGOZIANTE;NEGOZIANTE
NEI CALCOLI;NEI CALCOLI
NEI LAVORI DI CASA;NEI LAVORI DI CASA
NEL BRICOLAGE;NEL BRICOLAGE
NEL DISEGNO;NEL DISEGNO
NEL FAI DA TE;NEL FAI DA TE
NEL LAVORO;NEL LAVORO
NELLA ESECUZIONE;NELLA ESECUZIONE
NELLA GESTIONE;NELLA GESTIONE
NELLE FACCENDE DI CASA;NELLE FACCENDE DI CASA
NELLE FACCENDE DOMESTICHE;NELLE FACCENDE DOMESTICHE
NELLE MANUTENZIONI;NELLE MANUTENZIONI
NELLO SPORT;NELLO SPORT
NETTURBINO;NETTURBINO
NEUROLOGA;NEUROLOGA
NIPOTE;NIPOTE
NIPOTINO;NIPOTINO
NONNA;NONNO
NONNO;NONNO
NOTAIO;NOTAIO
NULLAFACENTE;NULLAFACENTE
NUOTARE;NUOTARE
NUOTATRICE;NUOTATORE
NUOTATORE;NUOTATORE
OMETTO;OMETTO
OMINO;OMINO
OPERAIA;OPERAIO
OPERAIO;OPERAIO
OPERATRICE;OPERATORE
OPERATORE;OPERATORE
OPERATORE A COMPUTER;OPERATORE A COMPUTER
OPERATORE DI GRU;OPERATORE DI GRU
OPERATORE ECOLOGICO;OPERATORE ECOLOGICO
OPERATORE INFORMATICO;OPERATORE INFORMATICO
OPPORTUNISTA;OPPORTUNISTA
ORATORE;ORATORE
ORATRICE;ORATORE
ORDINARE IN CASA;ORDINARE IN CASA
ORGANIZZARE;ORGANIZZARE
ORGANIZZARE FESTE;ORGANIZZARE FESTE
ORGANIZZARE RIUNIONI;ORGANIZZARE RIUNIONI
ORGANIZZATORE;ORGANIZZATORE
ORGANIZZATRICE;ORGANIZZATORE
OSPITE;OSPITE
OSSERVATORE;OSSERVATORE
OSTETRICA;OSTETRICO
OSTETRICO;OSTETRICO
PADRE;PADRE
PADRE DI FAMIGLIA;PADRE DI FAMIGLIA
PADRONA;PADRONE
PADRONA DI CASA;PADRONA DI CASA
PADRONE;PADRONE
PADRONE DI CASA;PADRONE DI CASA
PALLAVOLISTA;PALLAVOLISTA
PANETTIERE;PANETTIERE
PAPA';PAPA'
PAPPONE;PAPPONE
PARACULO;PARACULO
PARLARE;PARLARE
PARLATORE;PARLATORE
PARRUCCHIERA;PARRUCCHIERE
PARRUCCHIERE;PARRUCCHIERE
PARTNER;PARTNER
PASTICCERA;PASTICCERE
PASTICCERE;PASTICCERE
PASTICCIONE;PASTICCIONE
PASTORE;PASTORE
PATATONE;PATATONE
PATTINATRICE;PATTINATORE
PEDIATRA;PEDIATRA
PEDICURE;PEDICURE
PELANDRONE;PELANDRONE
PENSATORE;PENSATORE
PERDIGIORNO;PERDIGIORNO
PERSONA;PERSONA
PERSONAGGIO;PERSONAGGIO
PESCATORE;PESCATORE
PIANIFICARE;PIANIFICARE
PIANISTA;PIANISTA
PIGRONE;PIGRONE
PILOTA;PILOTA
PILOTA DI MOTO;PILOTA DI MOTO
PIRLA;PIRLA
PIRLONE;PIRLONE
PISCHELLO;PISCHELLO
PITTORE;PITTORE
PITTRICE;PITTORE
PIZZAIOLO;PIZZAIOLO
POETA;POETA
POKERISTA;POKERISTA
POLIEDRICA;POLIEDRICA
POLITICA;POLITICA
POLITOLOGO;POLITOLOGO
POLIZIOTTA;POLIZIOTTO
POLIZIOTTO;POLIZIOTTO
POMPIERA;POMPIERE
POMPIERE;POMPIERE
POMPINARA;POMPINARA
PORNODIVO;PORNODIVO
POSATORE;POSATORE
POSTINA;POSTINO
POSTINO;POSTINO
PRECISO;PRECISO
PRENDERSI CURA DI Sè E DI CARLA;PRENDERSI CURA DI Sè E DI CARLA
PREPARARE I DOLCI;PREPARARE I DOLCI
PREPARARE LA COLAZIONE;PREPARARE LA COLAZIONE
PRESENTATORE;PRESENTATORE
PRESENTATRICE;PRESENTATORE
PRESIDENTE;PRESIDENTE
PRESIDENTE DEL CONSIGLIO;PRESIDENTE DEL CONSIGLIO
PRESTIDIGITATORE;PRESTIDIGITATORE
PRESTIGIATORE;PRESTIGIATORE
PRETE;PRETE
PROFESSIONALE;PROFESSIONALE
PROFESSIONISTA;PROFESSIONISTA
PROFESSIONISTA DELLA PULIZIA DI CASA;PROFESSIONISTA DELLA PULIZIA DI CASA
PROFESSORESSA;PROFESSORE
PROFESSORE;PROFESSORE
PROGETTARE;PROGETTARE
PROGETTISTA;PROGETTISTA
PROGRAMMATORE;PROGRAMMATORE
PROGRAMMATRICE;PROGRAMMATORE
PROJECT MANAGER;PROJECT MANAGER
PSICHIATRA;PSICHIATRA
PSICOLOGA;PSICOLOGO
PSICOLOGO;PSICOLOGO
PUGILE;PUGILE
PULIRE;PULIRE
PULIRE CASA;PULIRE CASA
PULITORE;PULITORE
PULITRICE;PULITORE
RAGAZZA;RAGAZZO
RAGAZZINO;RAGAZZINO
RAGAZZO;RAGAZZO
RAGIONIERA;RAGIONIERE
RAGIONIERE;RAGIONIERE
RECRUITER;RECRUITER
REGISTA;REGISTA
RELAZIONANDOSI;RELAZIONANDOSI
RESPONSABILE;RESPONSABILE
RESTAURATRICE;RESTAURATORE
RICERCATORE;RICERCATORE
RICERCATRICE;RICERCATORE
RIDERE;RIDERE
RIORDINARE;RIORDINARE
RIORDINATORE;RIORDINATORE
RIORDINATRICE;RIORDINATORE
RIPARARE;RIPARARE
RIPARARE TUTTO;RIPARARE TUTTO
RIPARATORE;RIPARATORE
RIPARATRICE;RIPARATORE
RIPARATORE DI COMPUTER;RIPARATORE DI COMPUTER
RIPARATUTTO;RIPARATUTTO
ROMPERE;ROMPERE
ROMPICOGLIONI;ROMPICOGLIONI
ROMPIPALLE;ROMPIPALLE
ROMPISCATOLE;ROMPISCATOLE
SACERDOTE;SACERDOTE
SALTATRICE CON L'ASTA;SALTATRICE CON L'ASTA
SALUMIERE;SALUMIERE
SARTA;SARTO
SARTO;SARTO
SCACCHISTA;SCACCHISTA
SCALATORE;SCALATORE
SCANSAFATICHE;SCANSAFATICHE
SCEMO;SCEMO
SCENOGRAFA;SCENOGRAFA
SCHIAVA;SCHIAVA
SCIARE;SCIARE
SCIATORE;SCIATORE
SCIATRICE;SCIATORE
SCIENZIATA;SCIENZIATO
SCIENZIATO;SCIENZIATO
SCOLARA;SCOLARO
SCOLARETTO;SCOLARETTO
SCOLARO;SCOLARO
SCONOSCIUTA;SCONOSCIUTO
SCONOSCIUTO;SCONOSCIUTO
SCOPARE;SCOPARE
SCRITTORE;SCRITTORE
SCRITTRICE;SCRITTORE
SCRIVERE;SCRIVERE
SCRIVERE AL COMPUTER;SCRIVERE AL COMPUTER
SCULTORE;SCULTORE
SEGRETARIA;SEGRETARIA
SEMPLIFICARE I PROBLEMI;SEMPLIFICARE I PROBLEMI
SERVA;SERVA
SERVETTO;SERVETTO
SESSISTA;SESSISTA
SFATICATO;SFATICATO
SIGNORA;SIGNORE
SIGNORA DELLA CASA;SIGNORA DELLA CASA
SIGNORE;SIGNORE
SINDACA;SINDACO
SINDACO;SINDACO
SISTEMARE;SISTEMARE
SISTEMARE LA CASA;SISTEMARE LA CASA
SISTEMARE LA MACCHINA;SISTEMARE LA MACCHINA
SISTEMARE LAMPADARIO;SISTEMARE LAMPADARIO
SMARTWORKER;SMARTWORKER
SOCCORRITRICE;SOCCORRITORE
SOCIALIZZARE;SOCIALIZZARE
SOCIO;SOCIO
SOGGETTO;SOGGETTO
SOLDATO;SOLDATO
SOPPORTARMI;SOPPORTARMI
SORELLA;SORELLA
SPACCIATORE;SPACCIATORE
SPAZZINO;SPAZZINO
SPECCHIARSI;SPECCHIARSI
SPELEOLOGA;SPELEOLOGA
SPILLATRICE;SPILLATORE
SPORT;SPORT
SPORTIVO;SPORTIVO
SPOSA;SPOSO
SPOSO;SPOSO
STAGISTA;STAGISTA
STARE IN COPPIA;STARE IN COPPIA
STATISTICA;STATISTICA
STILISTA;STILISTA
STIRARE;STIRARE
STIRATRICE;STIRATORE
STRONZO;STRONZO
STUDENTE;STUDENTE
STUDIARE;STUDIARE
STUDIOSA;STUDIOSO
STUDIOSO;STUDIOSO
SUCCHIACAZZI;SUCCHIACAZZI
SUOCERA;SUOCERO
SUOCERO;SUOCERO
SUONARE;SUONARE
SUORA;SUORA
SUPPORTER;SUPPORTER
SURFISTA;SURFISTA
SVILUPPATORE;SVILUPPATORE
SVITARE I BULLONI DELLE RUOTE;SVITARE I BULLONI DELLE RUOTE
TASSISTA;TASSISTA
TECNICO;TECNICO
TENNISTA;TENNISTA
TENORE;TENORE
TERAPEUTA;TERAPEUTA
TERRORISTA;TERRORISTA
TESTER;TESTER
TIPA;TIPO
TIPO;TIPO
TIPOGRAFO;TIPOGRAFO
TIZIO;TIZIO
TRADUTTORE;TRADUTTORE
TRAGHETTATORE;TRAGHETTATORE
TRANSGENDER;TRANSGENDER
TRUCCARSI;TRUCCARSI
TRUCCATRICE;TRUCCATORE
TUTORE;TUTORE
TUTTOFARE;TUTTOFARE
UMANA;UMANO
UMANO;UMANO
UOMO;UOMO
UOMO D'AFFARI;UOMO D'AFFARI
UOMO DELLE PULIZIE;UOMO DELLE PULIZIE
UOMO DI CASA;UOMO DI CASA
UOMO DI FAMIGLIA;UOMO DI FAMIGLIA
URBANISTA;URBANISTA
VANITOSA;VANITOSA
VELISTA;VELISTA
VENDITORE;VENDITORE
VENDITRICE;VENDITORE
VETERINARIA;VETERINARIA
VIAGGIATRICE;VIAGGIATORE
VICINA;VICINO
VICINO;VICINO
VIGILESSA;VIGILE
VIGILE DEL FUOCO;VIGILE DEL FUOCO
VIOLINISTA;VIOLINISTA
VIONCELLISTA;VIONCELLISTA
VOYEUR;VOYEUR
WEBMARKETING;WEBMARKETING
ZIA;ZIO
ZIO;ZIO
ZOCCOLA;ZOCCOLA
